id_cliente,recency_dias,frequency,monetary,cluster
1,3,66,506437.0,0
2,6,16,122671.0,0
3,3,151,1095611.0,1
4,29,11,39092.0,0
5,49,1,2167.0,0
6,1,124,859836.0,1
7,470,1,2069.0,2
8,8,14,56025.0,0
9,5,61,379772.0,0
10,0,247,1708791.0,1
11,4,6,20483.0,0
12,3,47,329304.0,0
13,4,357,2483808.0,3
14,10,28,232987.0,0
15,1,9,105254.0,0
16,4,77,571156.0,0
17,6,54,321419.0,0
18,1,93,504456.0,0
19,0,18,171223.0,0
20,10,53,409112.0,0
21,2,22,173878.0,0
22,1,18,154606.0,0
23,2,193,1238972.0,1
24,2,128,699305.0,1
25,31,2,18175.0,0
26,80,14,64114.0,0
27,186,1,13076.0,0
28,6,104,732510.0,0
29,19,24,132660.0,0
30,10,58,334601.0,0
31,70,22,177201.0,0
32,4,25,172114.0,0
33,55,18,135314.0,0
34,20,4,25581.0,0
35,19,55,393276.0,0
36,13,59,342752.0,0
37,10,15,137787.0,0
38,31,16,79131.0,0
39,0,5,66884.0,0
40,4,8,43783.0,0
41,1,253,2046896.0,1
42,3,131,785293.0,1
43,0,582,3979425.0,3
44,357,1,2069.0,2
45,0,356,2062822.0,1
46,0,183,1734137.0,1
47,17,19,81514.0,0
48,1,25,206752.0,0
49,1,241,1739500.0,1
50,24,11,70858.0,0
51,3,22,192801.0,0
52,5,225,1753917.0,1
53,1,562,4064936.0,3
54,13,110,593546.0,0
55,9,47,321992.0,0
56,3,64,450385.0,0
57,25,10,85716.0,0
58,6,194,1295764.0,1
59,10,48,330333.0,0
60,2,4,31996.0,0
61,0,25,235539.0,0
62,328,1,1571.0,2
63,50,14,93114.0,0
64,3,1,5477.0,0
65,17,61,413512.0,0
66,5,41,239710.0,0
67,2,168,1299895.0,1
68,1,267,2497778.0,1
69,263,1,5490.0,2
70,4,25,135158.0,0
71,21,19,209415.0,0
72,0,113,827944.0,1
73,2,245,1367606.0,1
74,8,61,350165.0,0
75,2,122,908685.0,1
76,5,78,508811.0,0
77,646,1,13190.0,2
78,0,335,2184919.0,1
79,17,21,98061.0,0
80,9,53,465648.0,0
81,0,40,416043.0,0
82,0,219,1201576.0,1
83,6,38,220432.0,0
84,9,44,172311.0,0
85,0,6,77487.0,0
86,3,14,54185.0,0
87,6,16,124429.0,0
88,80,19,182253.0,0
89,267,1,5322.0,2
90,3,583,4390281.0,3
91,358,1,2053.0,2
92,26,11,67581.0,0
93,70,14,125307.0,0
94,1,62,509983.0,0
95,1,8,36427.0,0
96,26,6,40867.0,0
97,288,1,12920.0,2
98,3,19,168049.0,0
99,0,274,1850507.0,1
100,0,227,1594627.0,1
101,16,19,130641.0,0
102,9,60,364773.0,0
103,1,18,115195.0,0
104,10,30,231767.0,0
105,10,39,276175.0,0
106,6,121,677624.0,0
107,8,40,252887.0,0
108,83,18,174252.0,0
109,36,15,118554.0,0
110,45,18,96292.0,0
111,2,13,133961.0,0
112,83,21,120412.0,0
113,10,8,84282.0,0
114,0,133,1108576.0,1
115,12,53,286564.0,0
116,1,6,46330.0,0
117,5,232,1663914.0,1
118,7,42,246012.0,0
119,3,49,396600.0,0
120,0,153,1165049.0,1
121,1,103,477537.0,0
122,3,248,1414637.0,1
123,531,1,12944.0,2
124,3,264,1611532.0,1
125,14,4,33429.0,0
126,29,1,5436.0,0
127,10,59,493452.0,0
128,0,16,143025.0,0
129,10,8,38661.0,0
130,24,2,10781.0,0
131,632,1,27347.0,2
132,29,4,36841.0,0
133,3,5,41762.0,0
134,4,24,189345.0,0
135,17,7,39519.0,0
136,12,9,40634.0,0
137,1,191,894998.0,1
138,6,51,367752.0,0
139,11,14,84279.0,0
140,13,6,28474.0,0
141,112,1,1723.0,0
142,24,20,124969.0,0
143,4,53,358242.0,0
144,264,1,5333.0,2
145,6,43,261248.0,0
146,13,5,39096.0,0
147,13,17,176833.0,0
148,0,65,390642.0,0
149,0,105,831732.0,1
150,4,48,296598.0,0
151,487,1,13007.0,2
152,0,243,1754602.0,1
153,13,9,63812.0,0
154,0,640,4602363.0,3
155,15,11,83082.0,0
156,3,41,238099.0,0
157,11,21,98241.0,0
158,6,26,162523.0,0
159,13,3,45865.0,0
160,2,42,392955.0,0
161,17,15,109211.0,0
162,27,4,13778.0,0
163,29,46,277376.0,0
164,5,52,378843.0,0
165,1,246,1419470.0,1
166,0,9,90668.0,0
167,0,263,1769881.0,1
168,667,1,1723.0,2
169,2,63,531938.0,0
170,520,1,13062.0,2
171,21,11,115211.0,0
172,34,18,97210.0,0
173,1,22,145091.0,0
174,145,1,5482.0,0
175,12,2,6221.0,0
176,6,18,88134.0,0
177,5,23,167255.0,0
178,8,33,281623.0,0
179,12,20,87975.0,0
180,10,17,117896.0,0
181,9,2,6534.0,0
182,0,223,1300826.0,1
183,0,53,327444.0,0
184,1,417,2176614.0,3
185,4,1,1665.0,0
186,17,61,554727.0,0
187,17,3,16110.0,0
188,6,212,1670620.0,1
189,561,1,5470.0,2
190,16,65,508675.0,0
191,634,1,1723.0,2
192,0,59,451840.0,0
193,58,6,29590.0,0
194,4,42,280452.0,0
195,13,1,5250.0,0
196,6,10,46733.0,0
197,4,135,1113184.0,1
198,1,19,91409.0,0
199,13,7,41495.0,0
200,4,50,313305.0,0
201,53,1,2041.0,0
202,6,51,415191.0,0
203,526,1,13046.0,2
204,1,91,607024.0,0
205,2,312,2112674.0,1
206,1,66,558676.0,0
207,5,14,91305.0,0
208,17,4,21425.0,0
209,0,196,1359286.0,1
210,6,29,209312.0,0
211,25,3,4771.0,0
212,12,2,3617.0,0
213,1,131,1104140.0,1
214,6,125,702514.0,1
215,442,1,13146.0,2
216,238,1,5385.0,0
217,6,193,1262446.0,1
218,2,4,22129.0,0
219,16,179,1347866.0,1
220,3,220,1232685.0,1
221,1,130,641032.0,1
222,21,61,373677.0,0
223,2,167,1022513.0,1
224,2,28,152508.0,0
225,0,33,213413.0,0
226,2,31,163130.0,0
227,2,250,1813602.0,1
228,4,4,21027.0,0
229,6,96,531200.0,0
230,1,660,4585588.0,3
231,6,144,1331687.0,1
232,12,53,213413.0,0
233,2,9,94865.0,0
234,13,19,79215.0,0
235,49,16,145823.0,0
236,1,438,3077275.0,3
237,16,63,390915.0,0
238,0,87,707619.0,0
239,3,178,1216653.0,1
240,55,6,63049.0,0
241,13,64,588508.0,0
242,3,1,1745.0,0
243,18,15,115007.0,0
244,165,1,13116.0,0
245,2,202,1268706.0,1
246,41,14,109759.0,0
247,6,56,332508.0,0
248,44,21,144187.0,0
249,0,54,277782.0,0
250,0,58,344087.0,0
251,47,7,28200.0,0
252,20,16,101165.0,0
253,0,96,811749.0,0
254,14,1,5353.0,0
255,4,55,500851.0,0
256,29,51,367387.0,0
257,3,22,103426.0,0
258,1,195,1507037.0,1
259,183,1,5343.0,0
260,3,93,559369.0,0
261,29,49,210097.0,0
262,146,1,13081.0,0
263,28,4,13971.0,0
264,6,64,391109.0,0
265,0,65,521258.0,0
266,6,34,287321.0,0
267,36,12,116399.0,0
268,0,562,2971415.0,3
269,13,44,204997.0,0
270,13,64,385569.0,0
271,480,1,1418.0,2
272,3,183,1452225.0,1
273,17,14,102017.0,0
274,1,53,426217.0,0
275,7,156,884293.0,1
276,22,1,13161.0,0
277,36,18,121535.0,0
278,21,2,3591.0,0
279,4,45,190816.0,0
280,21,21,195804.0,0
281,0,505,4210976.0,3
282,0,481,3453752.0,3
283,12,41,217980.0,0
284,3,56,329845.0,0
285,90,12,53133.0,0
286,331,1,13005.0,2
287,5,425,2947066.0,3
288,48,21,172962.0,0
289,6,157,797159.0,1
290,456,1,5322.0,2
291,4,165,975691.0,1
292,0,30,179648.0,0
293,2,219,1909564.0,1
294,2,54,500875.0,0
295,6,226,1500932.0,1
296,1,52,617093.0,0
297,9,196,1086907.0,1
298,20,8,30351.0,0
299,3,195,1458720.0,1
300,31,14,96455.0,0
301,6,40,338107.0,0
302,2,165,874326.0,1
303,50,4,21078.0,0
304,7,17,156281.0,0
305,5,24,132914.0,0
306,1,177,1432065.0,1
307,4,25,166149.0,0
308,59,1,5449.0,0
309,43,4,21601.0,0
310,4,221,1235804.0,1
311,3,10,43412.0,0
312,13,26,182599.0,0
313,22,67,688819.0,0
314,9,22,176254.0,0
315,3,223,1698060.0,1
316,2,519,3754661.0,3
317,0,142,785022.0,1
318,1,193,978642.0,1
319,161,1,5382.0,0
320,0,145,1133438.0,1
321,13,38,244974.0,0
322,1,20,128975.0,0
323,382,1,12976.0,2
324,8,9,89128.0,0
325,13,51,274799.0,0
326,4,141,1299000.0,1
327,58,15,71132.0,0
328,37,50,304097.0,0
329,10,27,255253.0,0
330,165,1,13187.0,0
331,3,70,432707.0,0
332,28,13,77492.0,0
333,7,21,108388.0,0
334,7,34,160107.0,0
335,22,14,124057.0,0
336,0,11,82531.0,0
337,39,1,1745.0,0
338,4,51,289668.0,0
339,2,65,648077.0,0
340,143,1,5492.0,0
341,20,18,108709.0,0
342,4,11,77543.0,0
343,12,12,95114.0,0
344,9,64,504419.0,0
345,1,131,719177.0,1
346,0,68,516689.0,0
347,0,91,761380.0,0
348,8,263,1731059.0,1
349,10,9,52955.0,0
350,0,535,3898446.0,3
351,10,29,222311.0,0
352,1,66,383127.0,0
353,0,6,57814.0,0
354,12,54,302023.0,0
355,6,9,70508.0,0
356,6,51,403363.0,0
357,24,19,99437.0,0
358,1,181,1332634.0,1
359,5,8,52990.0,0
360,38,3,11827.0,0
361,2,54,389836.0,0
362,399,1,13133.0,2
363,0,161,1062586.0,1
364,0,23,187144.0,0
365,1,133,1234956.0,1
366,36,4,35963.0,0
367,23,9,49388.0,0
368,6,1,27480.0,0
369,10,57,539532.0,0
370,14,17,101149.0,0
371,6,61,637188.0,0
372,13,19,132410.0,0
373,278,1,5489.0,2
374,0,52,340432.0,0
375,22,4,11418.0,0
376,6,17,125428.0,0
377,2,477,4283170.0,3
378,34,28,187898.0,0
379,16,21,165183.0,0
380,16,6,69006.0,0
381,7,9,48720.0,0
382,10,13,131435.0,0
383,14,13,104555.0,0
384,0,78,473270.0,0
385,0,189,1328534.0,1
386,0,481,4081658.0,3
387,13,44,366049.0,0
388,10,10,56654.0,0
389,2,22,175241.0,0
390,3,58,272211.0,0
391,15,46,284771.0,0
392,6,257,1852560.0,1
393,1,216,1073878.0,1
394,6,93,443372.0,0
395,47,21,127815.0,0
396,20,17,118882.0,0
397,33,42,369955.0,0
398,302,1,13134.0,2
399,57,22,164769.0,0
400,500,1,1159.0,2
401,6,54,448007.0,0
402,9,115,494058.0,0
403,26,7,37242.0,0
404,2,60,328760.0,0
405,0,152,1119675.0,1
406,43,1,2053.0,0
407,8,54,502035.0,0
408,2,145,1176744.0,1
409,19,12,150587.0,0
410,184,1,27449.0,0
411,3,243,1674966.0,1
412,4,390,2836849.0,3
413,0,18,141434.0,0
414,3,48,247150.0,0
415,6,27,152947.0,0
416,216,1,12986.0,0
417,15,44,271700.0,0
418,23,16,163838.0,0
419,0,80,545868.0,0
420,19,22,165366.0,0
421,0,50,385897.0,0
422,7,53,270550.0,0
423,1,28,218729.0,0
424,523,1,5287.0,2
425,6,6,51486.0,0
426,6,7,29524.0,0
427,3,36,164638.0,0
428,43,13,113831.0,0
429,4,33,291257.0,0
430,13,57,351642.0,0
431,1,552,4054045.0,3
432,3,73,560737.0,0
433,115,1,5389.0,0
434,78,5,42431.0,0
435,6,18,143800.0,0
436,1,147,832442.0,1
437,12,24,170717.0,0
438,261,1,13185.0,2
439,2,144,1037229.0,1
440,25,64,340609.0,0
441,0,292,1576985.0,1
442,13,67,304314.0,0
443,0,473,4071804.0,3
444,8,34,281473.0,0
445,4,148,1023694.0,1
446,1,103,865764.0,1
447,6,65,470123.0,0
448,37,8,69396.0,0
449,6,59,328165.0,0
450,477,1,1849.0,2
451,0,5,65432.0,0
452,0,37,300950.0,0
453,4,36,243980.0,0
454,6,53,260774.0,0
455,1,171,1479928.0,1
456,0,204,1463230.0,1
457,516,1,13191.0,2
458,3,56,327664.0,0
459,13,4,33201.0,0
460,618,1,1016.0,2
461,7,3,12666.0,0
462,3,233,2131899.0,1
463,27,20,129110.0,0
464,40,67,407903.0,0
465,1,190,1429988.0,1
466,3,3,23262.0,0
467,66,22,158952.0,0
468,0,263,2439153.0,1
469,35,6,52046.0,0
470,430,1,2114.0,2
471,3,22,198881.0,0
472,24,12,73955.0,0
473,26,1,5318.0,0
474,7,60,619807.0,0
475,3,61,379083.0,0
476,2,512,3613843.0,3
477,422,1,887.0,2
478,38,61,469195.0,0
479,5,309,2443199.0,1
480,3,8,58148.0,0
481,3,143,1051710.0,1
482,10,64,586290.0,0
483,19,28,178764.0,0
484,0,213,1389482.0,1
485,5,17,67874.0,0
486,52,17,90334.0,0
487,2,10,81029.0,0
488,0,47,221030.0,0
489,2,66,505725.0,0
490,51,6,41283.0,0
491,12,7,44839.0,0
492,20,6,40388.0,0
493,8,155,1106843.0,1
494,470,1,2069.0,2
495,8,67,463713.0,0
496,6,8,46481.0,0
497,32,2,7469.0,0
498,6,6,27624.0,0
499,5,58,268610.0,0
500,3,11,107642.0,0
501,45,20,97910.0,0
502,2,52,440924.0,0
503,7,11,109556.0,0
504,330,1,5454.0,2
505,519,1,2053.0,2
506,0,173,1305905.0,1
507,39,8,42988.0,0
508,0,75,542054.0,0
509,5,50,360345.0,0
510,0,266,1987291.0,1
511,1,204,970207.0,1
512,2,95,483710.0,0
513,48,13,83009.0,0
514,506,1,1289.0,2
515,2,63,429909.0,0
516,173,1,5199.0,0
517,1,186,1366099.0,1
518,24,12,106532.0,0
519,16,33,223241.0,0
520,3,53,393328.0,0
521,5,33,199247.0,0
522,0,173,1547875.0,1
523,44,16,142460.0,0
524,289,1,13159.0,2
525,1,7,36891.0,0
526,3,3,56651.0,0
527,0,155,951610.0,1
528,498,1,1745.0,2
529,0,11,73728.0,0
530,5,461,3233881.0,3
531,3,45,417230.0,0
532,60,12,70183.0,0
533,0,53,351602.0,0
534,546,1,13009.0,2
535,0,169,976735.0,1
536,29,17,109741.0,0
537,13,57,223085.0,0
538,3,223,1721596.0,1
539,5,49,278105.0,0
540,146,22,103802.0,0
541,1,185,1780802.0,1
542,56,2,18460.0,0
543,6,19,167282.0,0
544,44,22,144789.0,0
545,46,1,13191.0,0
546,12,10,45489.0,0
547,3,31,214852.0,0
548,25,58,427809.0,0
549,511,1,2053.0,2
550,6,8,25570.0,0
551,2,23,279869.0,0
552,66,21,139311.0,0
553,5,11,33912.0,0
554,0,25,156992.0,0
555,2,12,57536.0,0
556,22,3,19672.0,0
557,0,70,578290.0,0
558,6,35,255139.0,0
559,0,181,1025617.0,1
560,16,20,151502.0,0
561,40,1,5264.0,0
562,6,51,376934.0,0
563,6,34,271265.0,0
564,0,593,3311361.0,3
565,417,1,5463.0,2
566,36,22,130344.0,0
567,462,1,13022.0,2
568,10,16,112560.0,0
569,512,1,5285.0,2
570,7,227,1601044.0,1
571,97,8,50184.0,0
572,0,148,1072712.0,1
573,4,175,1290862.0,1
574,3,58,368682.0,0
575,10,9,45185.0,0
576,3,61,564920.0,0
577,647,1,5376.0,2
578,389,1,1720.0,2
579,6,91,663157.0,0
580,0,141,1177099.0,1
581,37,12,98979.0,0
582,6,65,433319.0,0
583,1,60,373607.0,0
584,20,17,101107.0,0
585,0,88,674996.0,0
586,1,22,121395.0,0
587,3,63,466514.0,0
588,0,13,74665.0,0
589,13,1,5223.0,0
590,355,1,5286.0,2
591,2,234,1259578.0,1
592,7,27,214868.0,0
593,289,1,2033.0,2
594,32,9,67898.0,0
595,11,22,116880.0,0
596,4,40,183328.0,0
597,22,31,218300.0,0
598,0,207,1341306.0,1
599,9,8,65893.0,0
600,6,12,38968.0,0
601,0,36,197960.0,0
602,19,1,13024.0,0
603,0,110,848205.0,1
604,650,1,2033.0,2
605,211,1,5222.0,0
606,6,21,134883.0,0
607,1,62,381769.0,0
608,180,1,27315.0,0
609,5,35,261293.0,0
610,2,8,58454.0,0
611,37,23,170417.0,0
612,2,42,203335.0,0
613,0,14,106546.0,0
614,0,67,556922.0,0
615,6,40,244280.0,0
616,40,6,29853.0,0
617,25,22,166652.0,0
618,10,7,30264.0,0
619,4,436,2439728.0,3
620,0,34,239628.0,0
621,5,11,93476.0,0
622,13,11,93105.0,0
623,31,17,100842.0,0
624,547,1,1561.0,2
625,23,1,5366.0,0
626,7,15,82197.0,0
627,6,105,692151.0,0
628,4,164,1481340.0,1
629,1,29,225000.0,0
630,7,18,141321.0,0
631,13,60,358635.0,0
632,0,57,452800.0,0
633,5,39,234346.0,0
634,0,118,687021.0,0
635,13,1,27298.0,0
636,3,257,1396909.0,1
637,19,18,120437.0,0
638,1,41,227120.0,0
639,2,205,1370884.0,1
640,589,1,1745.0,2
641,0,58,368248.0,0
642,29,18,132556.0,0
643,17,59,489592.0,0
644,0,121,875168.0,1
645,6,233,1334300.0,1
646,3,16,93783.0,0
647,20,17,115334.0,0
648,23,37,289779.0,0
649,8,21,127250.0,0
650,138,1,27237.0,0
651,88,17,67639.0,0
652,6,11,47493.0,0
653,9,58,405391.0,0
654,14,16,110080.0,0
655,15,59,271885.0,0
656,53,5,23693.0,0
657,0,61,309591.0,0
658,7,45,303992.0,0
659,3,11,52068.0,0
660,6,55,418121.0,0
661,423,1,2040.0,2
662,189,1,5461.0,0
663,15,21,161486.0,0
664,8,42,243021.0,0
665,2,483,4033323.0,3
666,6,45,240784.0,0
667,3,43,231048.0,0
668,437,1,1571.0,2
669,2,12,58981.0,0
670,27,7,21438.0,0
671,8,41,236074.0,0
672,6,44,370753.0,0
673,4,173,982636.0,1
674,22,7,17679.0,0
675,4,489,2548138.0,3
676,2,53,397133.0,0
677,2,212,1442555.0,1
678,0,168,1128240.0,1
679,4,58,345819.0,0
680,1,57,372679.0,0
681,0,21,139560.0,0
682,10,20,137479.0,0
683,8,19,118789.0,0
684,628,1,5466.0,2
685,10,41,248317.0,0
686,8,32,157445.0,0
687,6,7,69742.0,0
688,17,62,445589.0,0
689,10,11,86568.0,0
690,4,196,1567285.0,1
691,9,16,98138.0,0
692,10,16,108273.0,0
693,3,21,208613.0,0
694,3,44,195194.0,0
695,6,208,1138130.0,1
696,3,131,1020919.0,1
697,7,17,159647.0,0
698,218,1,13022.0,0
699,134,11,69867.0,0
700,4,18,116234.0,0
701,2,29,176731.0,0
702,30,27,251974.0,0
703,0,447,3147809.0,3
704,2,199,1116646.0,1
705,0,185,1374349.0,1
706,48,16,115998.0,0
707,0,184,1611751.0,1
708,5,169,854049.0,1
709,1,594,3379145.0,3
710,13,11,78745.0,0
711,17,9,33211.0,0
712,458,1,5171.0,2
713,38,22,243801.0,0
714,127,1,13198.0,0
715,7,36,360566.0,0
716,3,56,408874.0,0
717,0,181,1114780.0,1
718,6,8,51300.0,0
719,664,1,2069.0,2
720,15,50,377040.0,0
721,11,60,456034.0,0
722,7,12,132532.0,0
723,0,134,763877.0,1
724,8,20,189050.0,0
725,3,252,1746474.0,1
726,3,45,305032.0,0
727,0,505,2939324.0,3
728,3,209,1379962.0,1
729,9,8,39438.0,0
730,1,223,1449100.0,1
731,8,1,2002.0,0
732,6,52,378729.0,0
733,6,7,67020.0,0
734,50,9,62825.0,0
735,0,26,234903.0,0
736,312,1,13176.0,2
737,640,1,5378.0,2
738,13,22,162147.0,0
739,0,184,1032726.0,1
740,17,40,319953.0,0
741,0,23,178112.0,0
742,0,32,283970.0,0
743,520,1,5486.0,2
744,3,84,573966.0,0
745,9,58,434814.0,0
746,0,245,1723107.0,1
747,25,1,5493.0,0
748,5,58,467679.0,0
749,6,12,65555.0,0
750,384,1,13124.0,2
751,104,18,105245.0,0
752,4,55,283926.0,0
753,30,2,6865.0,0
754,13,66,493150.0,0
755,255,1,5493.0,2
756,2,54,322249.0,0
757,12,63,381333.0,0
758,5,6,20446.0,0
759,8,47,352990.0,0
760,5,13,73525.0,0
761,5,19,133886.0,0
762,0,3,17195.0,0
763,0,194,1343448.0,1
764,13,51,377414.0,0
765,11,25,197216.0,0
766,1,247,1741533.0,1
767,3,42,284199.0,0
768,2,12,60309.0,0
769,0,7,49356.0,0
770,15,22,122269.0,0
771,0,102,751357.0,0
772,36,14,132902.0,0
773,1,216,1410257.0,1
774,22,5,53261.0,0
775,5,66,520469.0,0
776,2,43,267652.0,0
777,8,23,145340.0,0
778,17,60,440590.0,0
779,2,250,1586169.0,1
780,5,447,3224704.0,3
781,4,21,231083.0,0
782,20,10,47377.0,0
783,0,11,77639.0,0
784,130,1,12982.0,0
785,10,14,90278.0,0
786,352,1,5306.0,2
787,7,27,152429.0,0
788,15,5,18596.0,0
789,6,37,397540.0,0
790,6,50,327563.0,0
791,4,54,301525.0,0
792,38,7,60204.0,0
793,8,3,8906.0,0
794,2,134,972055.0,1
795,4,523,3891079.0,3
796,1,1,5441.0,0
797,287,1,5390.0,2
798,27,19,89617.0,0
799,0,519,3759131.0,3
800,0,660,4618672.0,3
801,5,116,929171.0,1
802,8,10,91726.0,0
803,6,48,269375.0,0
804,118,1,5273.0,0
805,6,222,1319552.0,1
806,1,209,1601948.0,1
807,4,13,98125.0,0
808,13,8,47120.0,0
809,344,1,1856.0,2
810,7,10,80883.0,0
811,582,1,1255.0,2
812,249,1,5234.0,2
813,24,4,33281.0,0
814,1,184,968656.0,1
815,4,24,223866.0,0
816,10,14,115573.0,0
817,83,20,186858.0,0
818,61,6,59771.0,0
819,1,165,990252.0,1
820,6,48,234066.0,0
821,6,2,10792.0,0
822,24,36,329060.0,0
823,71,4,11991.0,0
824,0,200,1130699.0,1
825,3,5,27950.0,0
826,6,106,529333.0,0
827,0,22,101955.0,0
828,0,172,1010349.0,1
829,1,374,2508565.0,3
830,639,1,1723.0,2
831,9,61,384380.0,0
832,1,29,266041.0,0
833,7,9,35636.0,0
834,609,1,12999.0,2
835,9,8,60089.0,0
836,3,55,240747.0,0
837,21,49,424604.0,0
838,19,37,309004.0,0
839,1,6,35039.0,0
840,6,4,29873.0,0
841,69,11,156113.0,0
842,11,21,155943.0,0
843,6,233,1642785.0,1
844,525,1,5469.0,2
845,3,6,36146.0,0
846,13,53,483983.0,0
847,13,21,95898.0,0
848,38,27,248549.0,0
849,2,206,1434270.0,1
850,0,73,514754.0,0
851,1,1,13189.0,0
852,16,42,296406.0,0
853,5,47,330050.0,0
854,1,7,42294.0,0
855,8,28,252205.0,0
856,0,241,1830160.0,1
857,0,378,2637326.0,3
858,8,21,129516.0,0
859,3,93,588674.0,0
860,11,21,150556.0,0
861,5,21,203515.0,0
862,5,115,670213.0,0
863,1,151,1197880.0,1
864,5,19,113817.0,0
865,490,1,5198.0,2
866,0,51,333940.0,0
867,5,8,73759.0,0
868,3,46,267819.0,0
869,643,1,12997.0,2
870,12,28,241546.0,0
871,0,82,526444.0,0
872,12,10,66077.0,0
873,16,37,361498.0,0
874,0,102,736018.0,0
875,414,1,13131.0,2
876,270,1,27235.0,2
877,11,23,181515.0,0
878,6,133,1271232.0,1
879,0,525,3746928.0,3
880,3,67,316820.0,0
881,643,1,5309.0,2
882,1,175,1060452.0,1
883,0,19,102496.0,0
884,8,30,182592.0,0
885,6,24,189430.0,0
886,668,1,1799.0,2
887,7,8,56972.0,0
888,19,12,115688.0,0
889,10,232,1691170.0,1
890,4,11,56675.0,0
891,52,3,16215.0,0
892,0,7,71962.0,0
893,1,266,1498553.0,1
894,3,58,437449.0,0
895,7,23,154781.0,0
896,0,609,5242937.0,3
897,15,4,20478.0,0
898,35,40,231522.0,0
899,17,19,99384.0,0
900,0,389,2833130.0,3
901,1,30,194477.0,0
902,3,261,1470607.0,1
903,0,246,1300130.0,1
904,589,1,5386.0,2
905,11,52,364668.0,0
906,35,20,157727.0,0
907,0,55,296508.0,0
908,0,43,257529.0,0
909,0,3,11290.0,0
910,12,20,92135.0,0
911,110,1,745.0,0
912,40,12,110658.0,0
913,10,54,282296.0,0
914,577,1,5361.0,2
915,2,18,116197.0,0
916,1,12,50717.0,0
917,2,16,99627.0,0
918,0,189,1596977.0,1
919,6,14,76485.0,0
920,290,1,12972.0,2
921,23,16,116417.0,0
922,111,11,39842.0,0
923,2,87,636913.0,0
924,2,137,1029061.0,1
925,10,67,446123.0,0
926,21,34,149469.0,0
927,0,127,954892.0,1
928,5,67,369785.0,0
929,10,59,401064.0,0
930,0,146,796324.0,1
931,4,192,1373569.0,1
932,237,1,544.0,0
933,0,203,1791759.0,1
934,9,19,99413.0,0
935,9,43,305313.0,0
936,34,9,59785.0,0
937,2,142,978631.0,1
938,0,34,248595.0,0
939,8,61,536331.0,0
940,4,178,1306986.0,1
941,0,24,243889.0,0
942,8,16,212548.0,0
943,0,107,739859.0,0
944,177,1,27275.0,0
945,6,207,1199805.0,1
946,10,60,454229.0,0
947,18,62,536187.0,0
948,4,144,1087819.0,1
949,337,1,2069.0,2
950,17,18,149585.0,0
951,20,52,412894.0,0
952,3,158,852366.0,1
953,0,52,277836.0,0
954,5,267,1361030.0,1
955,5,43,297585.0,0
956,0,143,1017925.0,1
957,503,1,1981.0,2
958,9,226,1611222.0,1
959,1,143,921445.0,1
960,3,5,23439.0,0
961,4,357,2725923.0,3
962,3,52,307955.0,0
963,4,36,288596.0,0
964,2,33,318786.0,0
965,50,1,13021.0,0
966,178,1,2033.0,0
967,1,211,1485531.0,1
968,3,172,1300208.0,1
969,1,19,157406.0,0
970,1,14,121127.0,0
971,6,175,994129.0,1
972,2,33,241683.0,0
973,3,46,289411.0,0
974,64,14,139057.0,0
975,2,31,203327.0,0
976,8,45,372804.0,0
977,3,50,319412.0,0
978,1,53,368735.0,0
979,0,15,130149.0,0
980,354,1,1305.0,2
981,478,1,1730.0,2
982,0,48,368198.0,0
983,273,1,1003.0,2
984,1,381,2832513.0,3
985,45,4,9465.0,0
986,3,63,418597.0,0
987,0,32,237055.0,0
988,18,12,75263.0,0
989,13,12,57412.0,0
990,13,28,207385.0,0
991,13,4,21518.0,0
992,11,31,146158.0,0
993,0,537,4564555.0,3
994,25,11,88772.0,0
995,3,224,1352138.0,1
996,3,195,986636.0,1
997,3,107,723365.0,0
998,2,51,240034.0,0
999,12,20,74458.0,0
1000,0,647,4534163.0,3
1001,6,252,2176617.0,1
1002,516,1,3635.0,2
1003,647,1,5314.0,2
1004,6,51,282515.0,0
1005,10,46,354442.0,0
1006,2,202,1116117.0,1
1007,8,6,28798.0,0
1008,19,3,23980.0,0
1009,4,159,1004126.0,1
1010,69,22,156752.0,0
1011,33,9,46636.0,0
1012,38,10,93909.0,0
1013,33,21,126605.0,0
1014,111,1,5441.0,0
1015,6,50,330737.0,0
1016,42,14,135108.0,0
1017,1,166,866022.0,1
1018,0,64,381618.0,0
1019,10,48,341955.0,0
1020,13,1,5123.0,0
1021,6,27,168529.0,0
1022,1,55,321966.0,0
1023,3,21,220997.0,0
1024,0,182,1304524.0,1
1025,2,37,186522.0,0
1026,7,164,1161519.0,1
1027,23,42,217175.0,0
1028,10,60,427292.0,0
1029,0,55,441525.0,0
1030,3,141,1212370.0,1
1031,12,65,563609.0,0
1032,21,10,66163.0,0
1033,10,31,220736.0,0
1034,123,1,27414.0,0
1035,2,49,342737.0,0
1036,1,93,798817.0,0
1037,45,21,131416.0,0
1038,14,48,212597.0,0
1039,10,67,542384.0,0
1040,24,11,90773.0,0
1041,154,1,5286.0,0
1042,3,15,83485.0,0
1043,11,22,167408.0,0
1044,5,45,234395.0,0
1045,0,44,336587.0,0
1046,6,14,109666.0,0
1047,5,251,1693328.0,1
1048,83,1,13169.0,0
1049,0,576,3988331.0,3
1050,2,148,1166193.0,1
1051,462,1,2053.0,2
1052,2,171,1199040.0,1
1053,80,49,270004.0,0
1054,13,23,216450.0,0
1055,45,8,61084.0,0
1056,34,11,71203.0,0
1057,0,634,4409161.0,3
1058,13,52,375485.0,0
1059,13,2,40557.0,0
1060,7,63,303149.0,0
1061,5,128,697461.0,1
1062,17,6,40163.0,0
1063,3,8,39754.0,0
1064,20,17,55305.0,0
1065,6,51,437709.0,0
1066,1,148,1330773.0,1
1067,0,3,28186.0,0
1068,0,542,4749583.0,3
1069,48,7,26828.0,0
1070,9,66,339512.0,0
1071,52,6,62850.0,0
1072,402,1,12965.0,2
1073,3,20,137475.0,0
1074,20,20,89838.0,0
1075,41,20,131466.0,0
1076,0,219,2024770.0,1
1077,27,29,164010.0,0
1078,20,4,11194.0,0
1079,5,358,2591471.0,3
1080,71,1,1724.0,0
1081,1,93,709424.0,0
1082,10,39,250807.0,0
1083,220,1,13149.0,0
1084,24,7,48421.0,0
1085,636,1,5475.0,2
1086,1,9,83628.0,0
1087,21,40,246757.0,0
1088,6,151,1089258.0,1
1089,19,10,71783.0,0
1090,2,102,750094.0,0
1091,22,39,287931.0,0
1092,219,1,5471.0,0
1093,10,3,11915.0,0
1094,0,194,1697899.0,1
1095,6,124,633133.0,0
1096,0,169,1421219.0,1
1097,10,63,280962.0,0
1098,2,50,301152.0,0
1099,153,1,5340.0,0
1100,615,1,2000.0,2
1101,2,262,1407693.0,1
1102,7,36,302880.0,0
1103,3,17,163181.0,0
1104,2,236,1195537.0,1
1105,1,10,66873.0,0
1106,584,1,2033.0,2
1107,5,68,367856.0,0
1108,2,42,177601.0,0
1109,3,99,661110.0,0
1110,15,4,33233.0,0
1111,7,9,65807.0,0
1112,1,20,164267.0,0
1113,7,17,170558.0,0
1114,1,29,202011.0,0
1115,0,70,552489.0,0
1116,2,52,365408.0,0
1117,9,19,138863.0,0
1118,6,53,374599.0,0
1119,5,141,683391.0,1
1120,498,1,5471.0,2
1121,41,2,26359.0,0
1122,22,38,262231.0,0
1123,13,52,409448.0,0
1124,0,311,2854295.0,3
1125,0,161,1403538.0,1
1126,0,11,59233.0,0
1127,3,45,283089.0,0
1128,4,252,2364340.0,1
1129,0,240,1769465.0,1
1130,6,156,824898.0,1
1131,380,1,13058.0,2
1132,226,1,1520.0,0
1133,9,2,14699.0,0
1134,10,221,1225937.0,1
1135,41,10,84736.0,0
1136,4,302,2148824.0,1
1137,185,1,290.0,0
1138,5,2,32632.0,0
1139,6,65,367477.0,0
1140,66,3,12803.0,0
1141,3,219,1151284.0,1
1142,12,20,84304.0,0
1143,24,39,335636.0,0
1144,58,3,20278.0,0
1145,1,161,890550.0,1
1146,5,18,130450.0,0
1147,1,2,18368.0,0
1148,125,1,27464.0,0
1149,4,193,1275870.0,1
1150,6,37,251908.0,0
1151,73,10,92498.0,0
1152,0,236,1814962.0,1
1153,614,1,5408.0,2
1154,2,9,85241.0,0
1155,6,30,224713.0,0
1156,5,131,828918.0,1
1157,1,450,3116121.0,3
1158,1,14,71411.0,0
1159,10,41,325803.0,0
1160,1,1,2053.0,0
1161,0,243,1542335.0,1
1162,172,1,5238.0,0
1163,17,17,114774.0,0
1164,191,1,13195.0,0
1165,1,78,706266.0,0
1166,12,42,254668.0,0
1167,1,18,151443.0,0
1168,3,183,1203045.0,1
1169,14,6,58543.0,0
1170,545,1,12937.0,2
1171,0,72,566060.0,0
1172,9,5,16386.0,0
1173,3,174,1260575.0,1
1174,2,62,300367.0,0
1175,0,19,158195.0,0
1176,576,1,1868.0,2
1177,0,21,164267.0,0
1178,6,47,226121.0,0
1179,289,1,13146.0,2
1180,13,13,52699.0,0
1181,14,25,182019.0,0
1182,26,5,41727.0,0
1183,58,19,166247.0,0
1184,40,3,8026.0,0
1185,308,1,2033.0,2
1186,12,29,226365.0,0
1187,10,37,209815.0,0
1188,1,67,426631.0,0
1189,5,22,221392.0,0
1190,3,2,7374.0,0
1191,6,9,103402.0,0
1192,27,54,278693.0,0
1193,14,19,153158.0,0
1194,66,17,155609.0,0
1195,13,2,10643.0,0
1196,6,14,154054.0,0
1197,1,47,291766.0,0
1198,2,189,1046806.0,1
1199,3,54,462505.0,0
1200,4,35,211820.0,0
1201,29,64,368595.0,0
1202,1,218,1606587.0,1
1203,10,1,272.0,0
1204,640,1,5152.0,2
1205,11,208,1857116.0,1
1206,6,124,863021.0,1
1207,10,61,392604.0,0
1208,6,31,183923.0,0
1209,1,418,2940758.0,3
1210,0,257,1792215.0,1
1211,31,9,60171.0,0
1212,6,31,249596.0,0
1213,5,51,415297.0,0
1214,3,202,1175356.0,1
1215,35,7,27164.0,0
1216,4,67,431236.0,0
1217,48,13,61173.0,0
1218,2,37,296470.0,0
1219,4,24,108583.0,0
1220,15,12,76631.0,0
1221,0,63,597642.0,0
1222,17,62,514733.0,0
1223,1,47,217266.0,0
1224,24,16,62265.0,0
1225,0,244,1732063.0,1
1226,4,215,1045993.0,1
1227,41,19,133617.0,0
1228,0,242,2060183.0,1
1229,9,17,146986.0,0
1230,475,1,5469.0,2
1231,5,19,175871.0,0
1232,0,208,1653232.0,1
1233,15,21,155324.0,0
1234,10,1,13171.0,0
1235,11,5,30188.0,0
1236,4,41,255196.0,0
1237,1,23,141696.0,0
1238,58,3,8354.0,0
1239,43,10,35801.0,0
1240,3,314,2205770.0,1
1241,180,1,1305.0,0
1242,499,1,12988.0,2
1243,3,244,1824934.0,1
1244,3,45,387304.0,0
1245,51,15,110925.0,0
1246,3,93,648580.0,0
1247,66,6,105832.0,0
1248,2,588,4099899.0,3
1249,52,19,163311.0,0
1250,1,55,354244.0,0
1251,13,4,44354.0,0
1252,510,1,1843.0,2
1253,1,54,372642.0,0
1254,3,27,151698.0,0
1255,0,52,360507.0,0
1256,3,23,183674.0,0
1257,523,1,12989.0,2
1258,7,35,235807.0,0
1259,1,49,249692.0,0
1260,24,9,96516.0,0
1261,26,1,5188.0,0
1262,1,36,219852.0,0
1263,34,55,335511.0,0
1264,13,60,306290.0,0
1265,5,13,135935.0,0
1266,384,1,1581.0,2
1267,10,41,304966.0,0
1268,62,1,27155.0,0
1269,2,6,36221.0,0
1270,12,45,297795.0,0
1271,30,66,400085.0,0
1272,2,518,3750746.0,3
1273,3,66,564930.0,0
1274,18,43,214747.0,0
1275,542,1,2030.0,2
1276,18,1,5355.0,0
1277,0,120,1134200.0,1
1278,23,1,2040.0,0
1279,1,1,5303.0,0
1280,649,1,5401.0,2
1281,6,14,62448.0,0
1282,7,18,110269.0,0
1283,2,110,887732.0,1
1284,13,13,99099.0,0
1285,7,24,159317.0,0
1286,4,39,297074.0,0
1287,17,28,112814.0,0
1288,0,21,208846.0,0
1289,578,1,5038.0,2
1290,94,11,41777.0,0
1291,613,1,5405.0,2
1292,0,105,845677.0,1
1293,8,28,136289.0,0
1294,2,420,3911551.0,3
1295,65,12,95302.0,0
1296,30,4,60949.0,0
1297,9,212,1148065.0,1
1298,13,67,384026.0,0
1299,24,49,377371.0,0
1300,0,187,1139198.0,1
1301,9,11,70187.0,0
1302,15,28,258074.0,0
1303,4,23,250837.0,0
1304,24,2,10071.0,0
1305,412,1,12954.0,2
1306,16,54,238876.0,0
1307,0,228,1157507.0,1
1308,2,29,185196.0,0
1309,0,179,1537443.0,1
1310,5,185,1269556.0,1
1311,9,17,175905.0,0
1312,273,1,5078.0,2
1313,0,61,357709.0,0
1314,5,7,36968.0,0
1315,1,176,1347835.0,1
1316,3,32,187520.0,0
1317,5,599,4385969.0,3
1318,100,6,26181.0,0
1319,10,20,74203.0,0
1320,0,203,1134931.0,1
1321,33,1,1723.0,0
1322,5,2,26139.0,0
1323,1,65,508685.0,0
1324,0,190,1623529.0,1
1325,5,95,655318.0,0
1326,39,32,194573.0,0
1327,3,153,976633.0,1
1328,10,57,315064.0,0
1329,6,42,226751.0,0
1330,322,1,12980.0,2
1331,367,1,13065.0,2
1332,6,221,1585049.0,1
1333,2,177,967273.0,1
1334,31,51,333099.0,0
1335,0,222,1837061.0,1
1336,1,1,1805.0,0
1337,3,26,157371.0,0
1338,15,37,172299.0,0
1339,6,19,145697.0,0
1340,10,59,392477.0,0
1341,21,22,126062.0,0
1342,11,13,86033.0,0
1343,17,4,25496.0,0
1344,45,42,229605.0,0
1345,27,62,631053.0,0
1346,7,23,199804.0,0
1347,35,3,19934.0,0
1348,1,67,581143.0,0
1349,6,48,379182.0,0
1350,55,1,13088.0,0
1351,34,67,530099.0,0
1352,20,27,144482.0,0
1353,3,206,1630041.0,1
1354,16,20,131139.0,0
1355,0,571,4049591.0,3
1356,0,257,1379245.0,1
1357,107,1,5480.0,0
1358,77,1,13130.0,0
1359,3,57,439546.0,0
1360,3,177,1056103.0,1
1361,3,61,459085.0,0
1362,21,57,264639.0,0
1363,6,47,451585.0,0
1364,0,499,2716188.0,3
1365,235,1,13129.0,0
1366,34,40,307652.0,0
1367,13,40,310081.0,0
1368,3,37,143221.0,0
1369,600,1,5263.0,2
1370,2,5,66818.0,0
1371,0,153,1104924.0,1
1372,476,1,5441.0,2
1373,7,66,424498.0,0
1374,655,1,544.0,2
1375,3,217,1579345.0,1
1376,1,135,673647.0,1
1377,0,563,4874372.0,3
1378,1,22,197790.0,0
1379,531,1,5037.0,2
1380,1,259,2296768.0,1
1381,0,236,1345812.0,1
1382,6,151,1018237.0,1
1383,6,19,104822.0,0
1384,84,18,127632.0,0
1385,41,28,205298.0,0
1386,1,291,1702587.0,1
1387,0,386,2078965.0,1
1388,309,1,1723.0,2
1389,448,1,1592.0,2
1390,29,4,22025.0,0
1391,4,12,95161.0,0
1392,11,12,47223.0,0
1393,31,44,248721.0,0
1394,3,213,1263600.0,1
1395,34,11,91345.0,0
1396,10,18,153285.0,0
1397,1,139,851494.0,1
1398,1,412,2488439.0,3
1399,8,13,85100.0,0
1400,3,14,51731.0,0
1401,6,4,36720.0,0
1402,10,61,546168.0,0
1403,4,10,29869.0,0
1404,0,25,211146.0,0
1405,0,255,2192119.0,1
1406,5,143,801140.0,1
1407,18,26,140243.0,0
1408,10,21,214615.0,0
1409,8,46,277768.0,0
1410,5,177,1157385.0,1
1411,24,3,16930.0,0
1412,481,1,5435.0,2
1413,6,41,180287.0,0
1414,8,36,213085.0,0
1415,39,5,53533.0,0
1416,0,509,2686201.0,3
1417,30,33,147223.0,0
1418,13,30,172752.0,0
1419,0,59,573645.0,0
1420,0,39,306449.0,0
1421,382,1,5312.0,2
1422,13,64,507258.0,0
1423,14,40,247430.0,0
1424,23,18,158304.0,0
1425,6,179,1159496.0,1
1426,1,8,32099.0,0
1427,0,28,186083.0,0
1428,13,8,58013.0,0
1429,642,1,1490.0,2
1430,1,189,908910.0,1
1431,0,147,771218.0,1
1432,0,189,1126628.0,1
1433,9,16,114975.0,0
1434,5,548,4087042.0,3
1435,2,47,334795.0,0
1436,117,16,114431.0,0
1437,9,32,189552.0,0
1438,1,20,103335.0,0
1439,20,33,260191.0,0
1440,30,2,10760.0,0
1441,4,119,920203.0,1
1442,29,52,252218.0,0
1443,126,1,1255.0,0
1444,1,200,1612298.0,1
1445,21,13,69997.0,0
1446,0,511,3401497.0,3
1447,390,1,5491.0,2
1448,3,10,70898.0,0
1449,2,18,87731.0,0
1450,10,22,96490.0,0
1451,96,20,122354.0,0
1452,80,17,173407.0,0
1453,3,49,374010.0,0
1454,206,1,5296.0,0
1455,3,140,594837.0,1
1456,1,55,469028.0,0
1457,40,13,59952.0,0
1458,2,225,1244416.0,1
1459,19,4,25501.0,0
1460,3,266,1739985.0,1
1461,12,1,13195.0,0
1462,0,131,889549.0,1
1463,2,60,619876.0,0
1464,13,47,439408.0,0
1465,2,124,1105761.0,1
1466,11,62,511971.0,0
1467,0,42,407671.0,0
1468,584,1,13121.0,2
1469,1,172,822626.0,1
1470,1,254,1642215.0,1
1471,78,5,48547.0,0
1472,0,264,1441049.0,1
1473,34,15,70667.0,0
1474,7,6,40398.0,0
1475,2,18,119507.0,0
1476,0,542,2681367.0,3
1477,3,37,150528.0,0
1478,13,42,346654.0,0
1479,410,1,1723.0,2
1480,1,244,1662666.0,1
1481,5,60,529645.0,0
1482,11,3,5420.0,0
1483,16,49,256041.0,0
1484,9,14,141996.0,0
1485,10,51,331112.0,0
1486,371,1,13033.0,2
1487,14,2,29008.0,0
1488,17,11,64157.0,0
1489,239,1,12974.0,0
1490,283,1,5424.0,2
1491,23,21,156128.0,0
1492,2,157,1275031.0,1
1493,95,9,46173.0,0
1494,5,226,1823881.0,1
1495,7,33,238615.0,0
1496,0,37,202967.0,0
1497,19,15,119007.0,0
1498,4,31,211512.0,0
1499,2,20,151121.0,0
1500,9,39,245613.0,0
1501,10,16,99793.0,0
1502,2,20,126191.0,0
1503,10,1,5362.0,0
1504,6,15,116197.0,0
1505,19,26,134314.0,0
1506,662,1,13111.0,2
1507,0,39,249866.0,0
1508,0,199,1220828.0,1
1509,25,20,124618.0,0
1510,42,22,138953.0,0
1511,585,1,2053.0,2
1512,74,9,49959.0,0
1513,1,45,311068.0,0
1514,0,49,375404.0,0
1515,3,6,44085.0,0
1516,0,131,958620.0,1
1517,5,76,478037.0,0
1518,6,25,164886.0,0
1519,114,1,5498.0,0
1520,10,4,25381.0,0
1521,14,7,45322.0,0
1522,0,12,84449.0,0
1523,0,375,3315042.0,3
1524,2,221,2005608.0,1
1525,2,4,28877.0,0
1526,34,65,629667.0,0
1527,5,197,1752415.0,1
1528,5,21,145574.0,0
1529,5,45,329073.0,0
1530,9,2,7380.0,0
1531,2,260,1496693.0,1
